{"cameraMode":{"drawMode":0,"name":"Shaded","section":"Shading Mode"},"sceneLighting":true,"audioPlay":false,"sceneViewState":{"m_AlwaysRefresh":false,"showFog":true,"showSkybox":true,"showFlares":true,"showImageEffects":true,"showParticleSystems":true,"showVisualEffectGraphs":true,"m_FxEnabled":true},"in2DMode":false,"pivot":{"x":-0.35695505142211916,"y":3.6012473106384279,"z":-6.180425643920898},"rotation":{"x":-0.2771322727203369,"y":-0.0037499326281249525,"z":0.0010812549153342844,"w":-0.9608260989189148},"size":1.445911169052124,"orthographic":false}