{"cameraMode":{"drawMode":0,"name":"Shaded","section":"Shading Mode"},"sceneLighting":true,"audioPlay":false,"sceneViewState":{"m_AlwaysRefresh":false,"showFog":true,"showSkybox":true,"showFlares":true,"showImageEffects":true,"showParticleSystems":true,"showVisualEffectGraphs":true,"m_FxEnabled":true},"in2DMode":false,"pivot":{"x":1.728395700454712,"y":-41.82547378540039,"z":40.88344955444336},"rotation":{"x":0.38869166374206545,"y":0.020726215094327928,"z":-0.008743475191295147,"w":0.9211147427558899},"size":36.49602127075195,"orthographic":false}